Mode,N,M,K,PartitionType,TimeMs,Operations,Run
Sequential,10,1,1,None,0.0537,10,1
Sequential,10,1,1,None,0.0006,10,2
Sequential,10,1,1,None,0.0001,10,3
Sequential,10,1,10,None,0.0006,100,1
Sequential,10,1,10,None,0.0006,100,2
Sequential,10,1,10,None,0.0005,100,3
Sequential,10,1,100,None,0.0057,1000,1
Sequential,10,1,100,None,0.0057,1000,2
Sequential,10,1,100,None,0.006,1000,3
Sequential,100,1,1,None,0.0013,100,1
Sequential,100,1,1,None,0.0011,100,2
Sequential,100,1,1,None,0.0012,100,3
Sequential,100,1,10,None,0.0073,1000,1
Sequential,100,1,10,None,0.0073,1000,2
Sequential,100,1,10,None,0.0073,1000,3
Sequential,100,1,100,None,0.0589,10000,1
Sequential,100,1,100,None,0.0651,10000,2
Sequential,100,1,100,None,0.0716,10000,3
Sequential,1000,1,1,None,0.0106,1000,1
Sequential,1000,1,1,None,0.0104,1000,2
Sequential,1000,1,1,None,0.0103,1000,3
Sequential,1000,1,10,None,0.0657,10000,1
Sequential,1000,1,10,None,0.0657,10000,2
Sequential,1000,1,10,None,0.0657,10000,3
Sequential,1000,1,100,None,0.6704,100000,1
Sequential,1000,1,100,None,0.6546,100000,2
Sequential,1000,1,100,None,0.6594,100000,3
Sequential,100000,1,1,None,1.0887,100000,1
Sequential,100000,1,1,None,1.0424,100000,2
Sequential,100000,1,1,None,1.0815,100000,3
Sequential,100000,1,10,None,14.4546,1000000,1
Sequential,100000,1,10,None,8.0949,1000000,2
Sequential,100000,1,10,None,6.2535,1000000,3
Sequential,100000,1,100,None,60.499,10000000,1
Sequential,100000,1,100,None,60.8255,10000000,2
Sequential,100000,1,100,None,61.4793,10000000,3
Parallel,10,2,1,Range-Uniform,0.3307,10,1
Parallel,10,2,1,Range-Uniform,0.2052,10,2
Parallel,10,2,1,Range-Uniform,0.1512,10,3
Parallel,10,2,1,Circular-Uniform,0.1304,10,1
Parallel,10,2,1,Circular-Uniform,0.1166,10,2
Parallel,10,2,1,Circular-Uniform,0.1014,10,3
Parallel,10,2,1,Range-IndexDep,0.0847,10,1
Parallel,10,2,1,Range-IndexDep,0.0831,10,2
Parallel,10,2,1,Range-IndexDep,0.0839,10,3
Parallel,10,2,1,Circular-IndexDep,0.891,10,1
Parallel,10,2,1,Circular-IndexDep,0.0872,10,2
Parallel,10,2,1,Circular-IndexDep,0.1266,10,3
Parallel,10,2,10,Range-Uniform,0.1236,100,1
Parallel,10,2,10,Range-Uniform,0.101,100,2
Parallel,10,2,10,Range-Uniform,0.1063,100,3
Parallel,10,2,10,Circular-Uniform,0.1032,100,1
Parallel,10,2,10,Circular-Uniform,0.1402,100,2
Parallel,10,2,10,Circular-Uniform,0.1306,100,3
Parallel,10,2,10,Range-IndexDep,0.1326,55,1
Parallel,10,2,10,Range-IndexDep,0.1107,55,2
Parallel,10,2,10,Range-IndexDep,0.1255,55,3
Parallel,10,2,10,Circular-IndexDep,0.09,55,1
Parallel,10,2,10,Circular-IndexDep,0.0856,55,2
Parallel,10,2,10,Circular-IndexDep,0.2615,55,3
Parallel,10,2,100,Range-Uniform,0.219,1000,1
Parallel,10,2,100,Range-Uniform,0.097,1000,2
Parallel,10,2,100,Range-Uniform,0.1162,1000,3
Parallel,10,2,100,Circular-Uniform,0.1221,1000,1
Parallel,10,2,100,Circular-Uniform,0.1388,1000,2
Parallel,10,2,100,Circular-Uniform,0.1015,1000,3
Parallel,10,2,100,Range-IndexDep,0.065,55,1
Parallel,10,2,100,Range-IndexDep,0.0989,55,2
Parallel,10,2,100,Range-IndexDep,0.0884,55,3
Parallel,10,2,100,Circular-IndexDep,0.0874,55,1
Parallel,10,2,100,Circular-IndexDep,0.0653,55,2
Parallel,10,2,100,Circular-IndexDep,0.1001,55,3
Parallel,10,3,1,Range-Uniform,0.1275,10,1
Parallel,10,3,1,Range-Uniform,0.1135,10,2
Parallel,10,3,1,Range-Uniform,0.1074,10,3
Parallel,10,3,1,Circular-Uniform,0.1263,10,1
Parallel,10,3,1,Circular-Uniform,0.0958,10,2
Parallel,10,3,1,Circular-Uniform,0.1277,10,3
Parallel,10,3,1,Range-IndexDep,0.2183,10,1
Parallel,10,3,1,Range-IndexDep,0.2202,10,2
Parallel,10,3,1,Range-IndexDep,0.145,10,3
Parallel,10,3,1,Circular-IndexDep,0.2208,10,1
Parallel,10,3,1,Circular-IndexDep,0.1496,10,2
Parallel,10,3,1,Circular-IndexDep,0.1179,10,3
Parallel,10,3,10,Range-Uniform,0.12,100,1
Parallel,10,3,10,Range-Uniform,0.1163,100,2
Parallel,10,3,10,Range-Uniform,0.1206,100,3
Parallel,10,3,10,Circular-Uniform,0.1341,100,1
Parallel,10,3,10,Circular-Uniform,0.1084,100,2
Parallel,10,3,10,Circular-Uniform,0.1372,100,3
Parallel,10,3,10,Range-IndexDep,0.1321,55,1
Parallel,10,3,10,Range-IndexDep,0.1118,55,2
Parallel,10,3,10,Range-IndexDep,0.1088,55,3
Parallel,10,3,10,Circular-IndexDep,0.113,55,1
Parallel,10,3,10,Circular-IndexDep,0.1174,55,2
Parallel,10,3,10,Circular-IndexDep,0.1328,55,3
Parallel,10,3,100,Range-Uniform,0.1434,1000,1
Parallel,10,3,100,Range-Uniform,0.1444,1000,2
Parallel,10,3,100,Range-Uniform,0.1685,1000,3
Parallel,10,3,100,Circular-Uniform,0.145,1000,1
Parallel,10,3,100,Circular-Uniform,0.1737,1000,2
Parallel,10,3,100,Circular-Uniform,0.1942,1000,3
Parallel,10,3,100,Range-IndexDep,0.1501,55,1
Parallel,10,3,100,Range-IndexDep,0.1573,55,2
Parallel,10,3,100,Range-IndexDep,0.1734,55,3
Parallel,10,3,100,Circular-IndexDep,0.14,55,1
Parallel,10,3,100,Circular-IndexDep,0.1424,55,2
Parallel,10,3,100,Circular-IndexDep,0.1384,55,3
Parallel,10,4,1,Range-Uniform,0.5613,10,1
Parallel,10,4,1,Range-Uniform,0.1845,10,2
Parallel,10,4,1,Range-Uniform,0.1902,10,3
Parallel,10,4,1,Circular-Uniform,0.2971,10,1
Parallel,10,4,1,Circular-Uniform,0.4403,10,2
Parallel,10,4,1,Circular-Uniform,0.2727,10,3
Parallel,10,4,1,Range-IndexDep,0.246,10,1
Parallel,10,4,1,Range-IndexDep,0.1822,10,2
Parallel,10,4,1,Range-IndexDep,0.1635,10,3
Parallel,10,4,1,Circular-IndexDep,0.1656,10,1
Parallel,10,4,1,Circular-IndexDep,0.1699,10,2
Parallel,10,4,1,Circular-IndexDep,0.2229,10,3
Parallel,10,4,10,Range-Uniform,0.1731,100,1
Parallel,10,4,10,Range-Uniform,0.1766,100,2
Parallel,10,4,10,Range-Uniform,0.2036,100,3
Parallel,10,4,10,Circular-Uniform,0.1798,100,1
Parallel,10,4,10,Circular-Uniform,0.1809,100,2
Parallel,10,4,10,Circular-Uniform,0.1832,100,3
Parallel,10,4,10,Range-IndexDep,0.1942,55,1
Parallel,10,4,10,Range-IndexDep,0.197,55,2
Parallel,10,4,10,Range-IndexDep,0.2298,55,3
Parallel,10,4,10,Circular-IndexDep,0.202,55,1
Parallel,10,4,10,Circular-IndexDep,0.1565,55,2
Parallel,10,4,10,Circular-IndexDep,0.1816,55,3
Parallel,10,4,100,Range-Uniform,0.1719,1000,1
Parallel,10,4,100,Range-Uniform,0.1734,1000,2
Parallel,10,4,100,Range-Uniform,0.1977,1000,3
Parallel,10,4,100,Circular-Uniform,0.1465,1000,1
Parallel,10,4,100,Circular-Uniform,0.1488,1000,2
Parallel,10,4,100,Circular-Uniform,0.1381,1000,3
Parallel,10,4,100,Range-IndexDep,0.1532,55,1
Parallel,10,4,100,Range-IndexDep,0.1631,55,2
Parallel,10,4,100,Range-IndexDep,0.1451,55,3
Parallel,10,4,100,Circular-IndexDep,0.146,55,1
Parallel,10,4,100,Circular-IndexDep,0.1479,55,2
Parallel,10,4,100,Circular-IndexDep,0.2315,55,3
Parallel,10,5,1,Range-Uniform,0.2487,10,1
Parallel,10,5,1,Range-Uniform,0.3147,10,2
Parallel,10,5,1,Range-Uniform,0.2566,10,3
Parallel,10,5,1,Circular-Uniform,0.1997,10,1
Parallel,10,5,1,Circular-Uniform,0.2199,10,2
Parallel,10,5,1,Circular-Uniform,0.2624,10,3
Parallel,10,5,1,Range-IndexDep,0.2381,10,1
Parallel,10,5,1,Range-IndexDep,0.4152,10,2
Parallel,10,5,1,Range-IndexDep,0.2417,10,3
Parallel,10,5,1,Circular-IndexDep,0.2163,10,1
Parallel,10,5,1,Circular-IndexDep,0.1766,10,2
Parallel,10,5,1,Circular-IndexDep,0.205,10,3
Parallel,10,5,10,Range-Uniform,0.2478,100,1
Parallel,10,5,10,Range-Uniform,0.2042,100,2
Parallel,10,5,10,Range-Uniform,0.2304,100,3
Parallel,10,5,10,Circular-Uniform,0.1892,100,1
Parallel,10,5,10,Circular-Uniform,0.1865,100,2
Parallel,10,5,10,Circular-Uniform,0.209,100,3
Parallel,10,5,10,Range-IndexDep,0.2722,55,1
Parallel,10,5,10,Range-IndexDep,0.2215,55,2
Parallel,10,5,10,Range-IndexDep,0.1864,55,3
Parallel,10,5,10,Circular-IndexDep,0.1882,55,1
Parallel,10,5,10,Circular-IndexDep,0.234,55,2
Parallel,10,5,10,Circular-IndexDep,0.1742,55,3
Parallel,10,5,100,Range-Uniform,0.1909,1000,1
Parallel,10,5,100,Range-Uniform,0.2641,1000,2
Parallel,10,5,100,Range-Uniform,0.2887,1000,3
Parallel,10,5,100,Circular-Uniform,0.233,1000,1
Parallel,10,5,100,Circular-Uniform,0.197,1000,2
Parallel,10,5,100,Circular-Uniform,0.1804,1000,3
Parallel,10,5,100,Range-IndexDep,0.1909,55,1
Parallel,10,5,100,Range-IndexDep,0.1985,55,2
Parallel,10,5,100,Range-IndexDep,0.1715,55,3
Parallel,10,5,100,Circular-IndexDep,0.1788,55,1
Parallel,10,5,100,Circular-IndexDep,0.2339,55,2
Parallel,10,5,100,Circular-IndexDep,0.2412,55,3
Parallel,10,10,1,Range-Uniform,0.371,10,1
Parallel,10,10,1,Range-Uniform,0.4138,10,2
Parallel,10,10,1,Range-Uniform,0.3634,10,3
Parallel,10,10,1,Circular-Uniform,0.4386,10,1
Parallel,10,10,1,Circular-Uniform,0.4045,10,2
Parallel,10,10,1,Circular-Uniform,0.5081,10,3
Parallel,10,10,1,Range-IndexDep,0.4514,10,1
Parallel,10,10,1,Range-IndexDep,0.6371,10,2
Parallel,10,10,1,Range-IndexDep,0.6857,10,3
Parallel,10,10,1,Circular-IndexDep,0.6573,10,1
Parallel,10,10,1,Circular-IndexDep,0.4275,10,2
Parallel,10,10,1,Circular-IndexDep,0.4217,10,3
Parallel,10,10,10,Range-Uniform,0.3772,100,1
Parallel,10,10,10,Range-Uniform,0.4474,100,2
Parallel,10,10,10,Range-Uniform,0.3999,100,3
Parallel,10,10,10,Circular-Uniform,0.8584,100,1
Parallel,10,10,10,Circular-Uniform,0.5127,100,2
Parallel,10,10,10,Circular-Uniform,0.4572,100,3
Parallel,10,10,10,Range-IndexDep,0.4061,55,1
Parallel,10,10,10,Range-IndexDep,0.4435,55,2
Parallel,10,10,10,Range-IndexDep,0.7384,55,3
Parallel,10,10,10,Circular-IndexDep,0.6784,55,1
Parallel,10,10,10,Circular-IndexDep,0.4656,55,2
Parallel,10,10,10,Circular-IndexDep,0.4297,55,3
Parallel,10,10,100,Range-Uniform,0.4509,1000,1
Parallel,10,10,100,Range-Uniform,0.4867,1000,2
Parallel,10,10,100,Range-Uniform,0.5279,1000,3
Parallel,10,10,100,Circular-Uniform,0.4204,1000,1
Parallel,10,10,100,Circular-Uniform,0.4997,1000,2
Parallel,10,10,100,Circular-Uniform,0.412,1000,3
Parallel,10,10,100,Range-IndexDep,0.4895,55,1
Parallel,10,10,100,Range-IndexDep,0.5972,55,2
Parallel,10,10,100,Range-IndexDep,0.4891,55,3
Parallel,10,10,100,Circular-IndexDep,0.3937,55,1
Parallel,10,10,100,Circular-IndexDep,0.3201,55,2
Parallel,10,10,100,Circular-IndexDep,0.3932,55,3
Parallel,100,2,1,Range-Uniform,0.0717,100,1
Parallel,100,2,1,Range-Uniform,0.0629,100,2
Parallel,100,2,1,Range-Uniform,0.1121,100,3
Parallel,100,2,1,Circular-Uniform,0.1148,100,1
Parallel,100,2,1,Circular-Uniform,0.1154,100,2
Parallel,100,2,1,Circular-Uniform,0.0945,100,3
Parallel,100,2,1,Range-IndexDep,0.1304,100,1
Parallel,100,2,1,Range-IndexDep,0.0766,100,2
Parallel,100,2,1,Range-IndexDep,0.0764,100,3
Parallel,100,2,1,Circular-IndexDep,0.074,100,1
Parallel,100,2,1,Circular-IndexDep,0.0665,100,2
Parallel,100,2,1,Circular-IndexDep,0.0618,100,3
Parallel,100,2,10,Range-Uniform,0.087,1000,1
Parallel,100,2,10,Range-Uniform,0.0709,1000,2
Parallel,100,2,10,Range-Uniform,0.0678,1000,3
Parallel,100,2,10,Circular-Uniform,0.0597,1000,1
Parallel,100,2,10,Circular-Uniform,0.062,1000,2
Parallel,100,2,10,Circular-Uniform,0.0952,1000,3
Parallel,100,2,10,Range-IndexDep,0.0814,955,1
Parallel,100,2,10,Range-IndexDep,0.0745,955,2
Parallel,100,2,10,Range-IndexDep,0.0738,955,3
Parallel,100,2,10,Circular-IndexDep,0.0828,955,1
Parallel,100,2,10,Circular-IndexDep,0.0777,955,2
Parallel,100,2,10,Circular-IndexDep,0.0665,955,3
Parallel,100,2,100,Range-Uniform,0.1153,10000,1
Parallel,100,2,100,Range-Uniform,0.1668,10000,2
Parallel,100,2,100,Range-Uniform,0.1501,10000,3
Parallel,100,2,100,Circular-Uniform,0.2195,10000,1
Parallel,100,2,100,Circular-Uniform,0.142,10000,2
Parallel,100,2,100,Circular-Uniform,0.1335,10000,3
Parallel,100,2,100,Range-IndexDep,0.1024,5050,1
Parallel,100,2,100,Range-IndexDep,0.101,5050,2
Parallel,100,2,100,Range-IndexDep,0.0959,5050,3
Parallel,100,2,100,Circular-IndexDep,0.0825,5050,1
Parallel,100,2,100,Circular-IndexDep,0.0787,5050,2
Parallel,100,2,100,Circular-IndexDep,0.0847,5050,3
Parallel,100,3,1,Range-Uniform,0.1027,100,1
Parallel,100,3,1,Range-Uniform,0.0862,100,2
Parallel,100,3,1,Range-Uniform,0.0972,100,3
Parallel,100,3,1,Circular-Uniform,0.1005,100,1
Parallel,100,3,1,Circular-Uniform,0.1807,100,2
Parallel,100,3,1,Circular-Uniform,0.2337,100,3
Parallel,100,3,1,Range-IndexDep,0.4013,100,1
Parallel,100,3,1,Range-IndexDep,0.2485,100,2
Parallel,100,3,1,Range-IndexDep,0.2752,100,3
Parallel,100,3,1,Circular-IndexDep,0.365,100,1
Parallel,100,3,1,Circular-IndexDep,1.4851,100,2
Parallel,100,3,1,Circular-IndexDep,0.846,100,3
Parallel,100,3,10,Range-Uniform,0.4874,1000,1
Parallel,100,3,10,Range-Uniform,0.3594,1000,2
Parallel,100,3,10,Range-Uniform,0.3238,1000,3
Parallel,100,3,10,Circular-Uniform,0.2912,1000,1
Parallel,100,3,10,Circular-Uniform,0.2364,1000,2
Parallel,100,3,10,Circular-Uniform,0.3297,1000,3
Parallel,100,3,10,Range-IndexDep,0.2015,955,1
Parallel,100,3,10,Range-IndexDep,0.2743,955,2
Parallel,100,3,10,Range-IndexDep,0.2777,955,3
Parallel,100,3,10,Circular-IndexDep,0.2397,955,1
Parallel,100,3,10,Circular-IndexDep,0.3031,955,2
Parallel,100,3,10,Circular-IndexDep,0.1895,955,3
Parallel,100,3,100,Range-Uniform,0.2798,10000,1
Parallel,100,3,100,Range-Uniform,0.2995,10000,2
Parallel,100,3,100,Range-Uniform,0.306,10000,3
Parallel,100,3,100,Circular-Uniform,0.1623,10000,1
Parallel,100,3,100,Circular-Uniform,0.3797,10000,2
Parallel,100,3,100,Circular-Uniform,0.3268,10000,3
Parallel,100,3,100,Range-IndexDep,0.4563,5050,1
Parallel,100,3,100,Range-IndexDep,0.3476,5050,2
Parallel,100,3,100,Range-IndexDep,0.23,5050,3
Parallel,100,3,100,Circular-IndexDep,0.202,5050,1
Parallel,100,3,100,Circular-IndexDep,0.3404,5050,2
Parallel,100,3,100,Circular-IndexDep,0.3025,5050,3
Parallel,100,4,1,Range-Uniform,0.377,100,1
Parallel,100,4,1,Range-Uniform,0.5263,100,2
Parallel,100,4,1,Range-Uniform,0.3448,100,3
Parallel,100,4,1,Circular-Uniform,0.3597,100,1
Parallel,100,4,1,Circular-Uniform,0.2488,100,2
Parallel,100,4,1,Circular-Uniform,0.1424,100,3
Parallel,100,4,1,Range-IndexDep,1.4043,100,1
Parallel,100,4,1,Range-IndexDep,0.4077,100,2
Parallel,100,4,1,Range-IndexDep,0.3417,100,3
Parallel,100,4,1,Circular-IndexDep,0.2193,100,1
Parallel,100,4,1,Circular-IndexDep,0.1911,100,2
Parallel,100,4,1,Circular-IndexDep,0.2576,100,3
Parallel,100,4,10,Range-Uniform,0.1918,1000,1
Parallel,100,4,10,Range-Uniform,0.1913,1000,2
Parallel,100,4,10,Range-Uniform,0.2236,1000,3
Parallel,100,4,10,Circular-Uniform,0.1512,1000,1
Parallel,100,4,10,Circular-Uniform,0.1791,1000,2
Parallel,100,4,10,Circular-Uniform,0.1516,1000,3
Parallel,100,4,10,Range-IndexDep,0.1086,955,1
Parallel,100,4,10,Range-IndexDep,0.1791,955,2
Parallel,100,4,10,Range-IndexDep,0.299,955,3
Parallel,100,4,10,Circular-IndexDep,0.271,955,1
Parallel,100,4,10,Circular-IndexDep,0.2552,955,2
Parallel,100,4,10,Circular-IndexDep,0.1927,955,3
Parallel,100,4,100,Range-Uniform,0.2356,10000,1
Parallel,100,4,100,Range-Uniform,0.1864,10000,2
Parallel,100,4,100,Range-Uniform,0.147,10000,3
Parallel,100,4,100,Circular-Uniform,0.1712,10000,1
Parallel,100,4,100,Circular-Uniform,0.1422,10000,2
Parallel,100,4,100,Circular-Uniform,0.1365,10000,3
Parallel,100,4,100,Range-IndexDep,0.1789,5050,1
Parallel,100,4,100,Range-IndexDep,0.2221,5050,2
Parallel,100,4,100,Range-IndexDep,0.1876,5050,3
Parallel,100,4,100,Circular-IndexDep,0.145,5050,1
Parallel,100,4,100,Circular-IndexDep,0.1766,5050,2
Parallel,100,4,100,Circular-IndexDep,0.1945,5050,3
Parallel,100,5,1,Range-Uniform,0.248,100,1
Parallel,100,5,1,Range-Uniform,0.2327,100,2
Parallel,100,5,1,Range-Uniform,0.2458,100,3
Parallel,100,5,1,Circular-Uniform,0.204,100,1
Parallel,100,5,1,Circular-Uniform,0.1865,100,2
Parallel,100,5,1,Circular-Uniform,0.1866,100,3
Parallel,100,5,1,Range-IndexDep,0.169,100,1
Parallel,100,5,1,Range-IndexDep,0.2018,100,2
Parallel,100,5,1,Range-IndexDep,0.17,100,3
Parallel,100,5,1,Circular-IndexDep,0.1663,100,1
Parallel,100,5,1,Circular-IndexDep,0.2163,100,2
Parallel,100,5,1,Circular-IndexDep,0.1862,100,3
Parallel,100,5,10,Range-Uniform,0.2286,1000,1
Parallel,100,5,10,Range-Uniform,0.2313,1000,2
Parallel,100,5,10,Range-Uniform,0.2506,1000,3
Parallel,100,5,10,Circular-Uniform,0.1979,1000,1
Parallel,100,5,10,Circular-Uniform,0.2496,1000,2
Parallel,100,5,10,Circular-Uniform,0.2991,1000,3
Parallel,100,5,10,Range-IndexDep,0.2831,955,1
Parallel,100,5,10,Range-IndexDep,0.2134,955,2
Parallel,100,5,10,Range-IndexDep,0.1765,955,3
Parallel,100,5,10,Circular-IndexDep,0.2105,955,1
Parallel,100,5,10,Circular-IndexDep,0.1702,955,2
Parallel,100,5,10,Circular-IndexDep,0.1637,955,3
Parallel,100,5,100,Range-Uniform,0.1957,10000,1
Parallel,100,5,100,Range-Uniform,0.2052,10000,2
Parallel,100,5,100,Range-Uniform,0.2163,10000,3
Parallel,100,5,100,Circular-Uniform,0.1645,10000,1
Parallel,100,5,100,Circular-Uniform,0.1902,10000,2
Parallel,100,5,100,Circular-Uniform,0.2398,10000,3
Parallel,100,5,100,Range-IndexDep,0.1702,5050,1
Parallel,100,5,100,Range-IndexDep,0.1673,5050,2
Parallel,100,5,100,Range-IndexDep,0.1616,5050,3
Parallel,100,5,100,Circular-IndexDep,0.2031,5050,1
Parallel,100,5,100,Circular-IndexDep,0.1665,5050,2
Parallel,100,5,100,Circular-IndexDep,0.1682,5050,3
Parallel,100,10,1,Range-Uniform,0.3966,100,1
Parallel,100,10,1,Range-Uniform,0.3774,100,2
Parallel,100,10,1,Range-Uniform,0.293,100,3
Parallel,100,10,1,Circular-Uniform,0.5031,100,1
Parallel,100,10,1,Circular-Uniform,0.7139,100,2
Parallel,100,10,1,Circular-Uniform,0.4623,100,3
Parallel,100,10,1,Range-IndexDep,0.508,100,1
Parallel,100,10,1,Range-IndexDep,0.345,100,2
Parallel,100,10,1,Range-IndexDep,0.3681,100,3
Parallel,100,10,1,Circular-IndexDep,0.3677,100,1
Parallel,100,10,1,Circular-IndexDep,0.3556,100,2
Parallel,100,10,1,Circular-IndexDep,0.3508,100,3
Parallel,100,10,10,Range-Uniform,0.2952,1000,1
Parallel,100,10,10,Range-Uniform,0.4505,1000,2
Parallel,100,10,10,Range-Uniform,0.4166,1000,3
Parallel,100,10,10,Circular-Uniform,0.4347,1000,1
Parallel,100,10,10,Circular-Uniform,0.3347,1000,2
Parallel,100,10,10,Circular-Uniform,0.6275,1000,3
Parallel,100,10,10,Range-IndexDep,0.4709,955,1
Parallel,100,10,10,Range-IndexDep,0.4817,955,2
Parallel,100,10,10,Range-IndexDep,0.655,955,3
Parallel,100,10,10,Circular-IndexDep,0.385,955,1
Parallel,100,10,10,Circular-IndexDep,0.3965,955,2
Parallel,100,10,10,Circular-IndexDep,0.2975,955,3
Parallel,100,10,100,Range-Uniform,0.3764,10000,1
Parallel,100,10,100,Range-Uniform,0.4025,10000,2
Parallel,100,10,100,Range-Uniform,0.3795,10000,3
Parallel,100,10,100,Circular-Uniform,0.3929,10000,1
Parallel,100,10,100,Circular-Uniform,0.4791,10000,2
Parallel,100,10,100,Circular-Uniform,0.3421,10000,3
Parallel,100,10,100,Range-IndexDep,0.4225,5050,1
Parallel,100,10,100,Range-IndexDep,0.4796,5050,2
Parallel,100,10,100,Range-IndexDep,0.4429,5050,3
Parallel,100,10,100,Circular-IndexDep,0.3993,5050,1
Parallel,100,10,100,Circular-IndexDep,0.393,5050,2
Parallel,100,10,100,Circular-IndexDep,0.321,5050,3
Parallel,1000,2,1,Range-Uniform,0.0737,1000,1
Parallel,1000,2,1,Range-Uniform,0.066,1000,2
Parallel,1000,2,1,Range-Uniform,0.0864,1000,3
Parallel,1000,2,1,Circular-Uniform,0.0807,1000,1
Parallel,1000,2,1,Circular-Uniform,0.0711,1000,2
Parallel,1000,2,1,Circular-Uniform,0.0749,1000,3
Parallel,1000,2,1,Range-IndexDep,0.0685,1000,1
Parallel,1000,2,1,Range-IndexDep,0.0742,1000,2
Parallel,1000,2,1,Range-IndexDep,0.066,1000,3
Parallel,1000,2,1,Circular-IndexDep,0.0616,1000,1
Parallel,1000,2,1,Circular-IndexDep,0.0695,1000,2
Parallel,1000,2,1,Circular-IndexDep,0.0643,1000,3
Parallel,1000,2,10,Range-Uniform,0.1242,10000,1
Parallel,1000,2,10,Range-Uniform,0.2163,10000,2
Parallel,1000,2,10,Range-Uniform,0.1536,10000,3
Parallel,1000,2,10,Circular-Uniform,0.1255,10000,1
Parallel,1000,2,10,Circular-Uniform,0.1409,10000,2
Parallel,1000,2,10,Circular-Uniform,0.1373,10000,3
Parallel,1000,2,10,Range-IndexDep,0.204,9955,1
Parallel,1000,2,10,Range-IndexDep,0.2104,9955,2
Parallel,1000,2,10,Range-IndexDep,0.15,9955,3
Parallel,1000,2,10,Circular-IndexDep,0.1625,9955,1
Parallel,1000,2,10,Circular-IndexDep,0.168,9955,2
Parallel,1000,2,10,Circular-IndexDep,0.1392,9955,3
Parallel,1000,2,100,Range-Uniform,2.5174,100000,1
Parallel,1000,2,100,Range-Uniform,2.6648,100000,2
Parallel,1000,2,100,Range-Uniform,2.4218,100000,3
Parallel,1000,2,100,Circular-Uniform,2.4659,100000,1
Parallel,1000,2,100,Circular-Uniform,2.3426,100000,2
Parallel,1000,2,100,Circular-Uniform,2.4175,100000,3
Parallel,1000,2,100,Range-IndexDep,2.2319,95050,1
Parallel,1000,2,100,Range-IndexDep,2.6801,95050,2
Parallel,1000,2,100,Range-IndexDep,2.1897,95050,3
Parallel,1000,2,100,Circular-IndexDep,1.8565,95050,1
Parallel,1000,2,100,Circular-IndexDep,2.1832,95050,2
Parallel,1000,2,100,Circular-IndexDep,2.649,95050,3
Parallel,1000,3,1,Range-Uniform,0.1214,1000,1
Parallel,1000,3,1,Range-Uniform,0.1091,1000,2
Parallel,1000,3,1,Range-Uniform,0.1095,1000,3
Parallel,1000,3,1,Circular-Uniform,0.1082,1000,1
Parallel,1000,3,1,Circular-Uniform,0.5415,1000,2
Parallel,1000,3,1,Circular-Uniform,0.1724,1000,3
Parallel,1000,3,1,Range-IndexDep,0.1734,1000,1
Parallel,1000,3,1,Range-IndexDep,0.1808,1000,2
Parallel,1000,3,1,Range-IndexDep,0.1638,1000,3
Parallel,1000,3,1,Circular-IndexDep,0.1032,1000,1
Parallel,1000,3,1,Circular-IndexDep,0.1033,1000,2
Parallel,1000,3,1,Circular-IndexDep,0.1015,1000,3
Parallel,1000,3,10,Range-Uniform,0.1011,10000,1
Parallel,1000,3,10,Range-Uniform,0.1205,10000,2
Parallel,1000,3,10,Range-Uniform,0.1877,10000,3
Parallel,1000,3,10,Circular-Uniform,0.1196,10000,1
Parallel,1000,3,10,Circular-Uniform,0.1399,10000,2
Parallel,1000,3,10,Circular-Uniform,0.1548,10000,3
Parallel,1000,3,10,Range-IndexDep,0.1886,9955,1
Parallel,1000,3,10,Range-IndexDep,0.2603,9955,2
Parallel,1000,3,10,Range-IndexDep,0.2297,9955,3
Parallel,1000,3,10,Circular-IndexDep,0.1442,9955,1
Parallel,1000,3,10,Circular-IndexDep,0.1422,9955,2
Parallel,1000,3,10,Circular-IndexDep,0.1725,9955,3
Parallel,1000,3,100,Range-Uniform,2.5153,100000,1
Parallel,1000,3,100,Range-Uniform,2.5291,100000,2
Parallel,1000,3,100,Range-Uniform,2.5515,100000,3
Parallel,1000,3,100,Circular-Uniform,2.4909,100000,1
Parallel,1000,3,100,Circular-Uniform,2.3907,100000,2
Parallel,1000,3,100,Circular-Uniform,2.085,100000,3
Parallel,1000,3,100,Range-IndexDep,2.4518,95050,1
Parallel,1000,3,100,Range-IndexDep,2.1693,95050,2
Parallel,1000,3,100,Range-IndexDep,2.5025,95050,3
Parallel,1000,3,100,Circular-IndexDep,2.143,95050,1
Parallel,1000,3,100,Circular-IndexDep,2.0472,95050,2
Parallel,1000,3,100,Circular-IndexDep,2.5972,95050,3
Parallel,1000,4,1,Range-Uniform,0.2967,1000,1
Parallel,1000,4,1,Range-Uniform,0.1387,1000,2
Parallel,1000,4,1,Range-Uniform,0.127,1000,3
Parallel,1000,4,1,Circular-Uniform,0.1311,1000,1
Parallel,1000,4,1,Circular-Uniform,0.1234,1000,2
Parallel,1000,4,1,Circular-Uniform,0.1411,1000,3
Parallel,1000,4,1,Range-IndexDep,0.1247,1000,1
Parallel,1000,4,1,Range-IndexDep,0.1336,1000,2
Parallel,1000,4,1,Range-IndexDep,0.1276,1000,3
Parallel,1000,4,1,Circular-IndexDep,0.1845,1000,1
Parallel,1000,4,1,Circular-IndexDep,0.1596,1000,2
Parallel,1000,4,1,Circular-IndexDep,0.1383,1000,3
Parallel,1000,4,10,Range-Uniform,0.2122,10000,1
Parallel,1000,4,10,Range-Uniform,0.1375,10000,2
Parallel,1000,4,10,Range-Uniform,0.1566,10000,3
Parallel,1000,4,10,Circular-Uniform,0.1405,10000,1
Parallel,1000,4,10,Circular-Uniform,0.1359,10000,2
Parallel,1000,4,10,Circular-Uniform,0.1691,10000,3
Parallel,1000,4,10,Range-IndexDep,0.134,9955,1
Parallel,1000,4,10,Range-IndexDep,0.1795,9955,2
Parallel,1000,4,10,Range-IndexDep,0.1659,9955,3
Parallel,1000,4,10,Circular-IndexDep,0.1549,9955,1
Parallel,1000,4,10,Circular-IndexDep,0.1841,9955,2
Parallel,1000,4,10,Circular-IndexDep,0.1391,9955,3
Parallel,1000,4,100,Range-Uniform,2.8275,100000,1
Parallel,1000,4,100,Range-Uniform,3.1203,100000,2
Parallel,1000,4,100,Range-Uniform,2.9785,100000,3
Parallel,1000,4,100,Circular-Uniform,2.7537,100000,1
Parallel,1000,4,100,Circular-Uniform,3.0617,100000,2
Parallel,1000,4,100,Circular-Uniform,3.0575,100000,3
Parallel,1000,4,100,Range-IndexDep,2.61,95050,1
Parallel,1000,4,100,Range-IndexDep,2.2547,95050,2
Parallel,1000,4,100,Range-IndexDep,3.0157,95050,3
Parallel,1000,4,100,Circular-IndexDep,2.7151,95050,1
Parallel,1000,4,100,Circular-IndexDep,2.8747,95050,2
Parallel,1000,4,100,Circular-IndexDep,2.8215,95050,3
Parallel,1000,5,1,Range-Uniform,0.1798,1000,1
Parallel,1000,5,1,Range-Uniform,0.1617,1000,2
Parallel,1000,5,1,Range-Uniform,0.1719,1000,3
Parallel,1000,5,1,Circular-Uniform,0.1585,1000,1
Parallel,1000,5,1,Circular-Uniform,0.1675,1000,2
Parallel,1000,5,1,Circular-Uniform,0.1531,1000,3
Parallel,1000,5,1,Range-IndexDep,0.2321,1000,1
Parallel,1000,5,1,Range-IndexDep,0.2741,1000,2
Parallel,1000,5,1,Range-IndexDep,0.257,1000,3
Parallel,1000,5,1,Circular-IndexDep,0.1859,1000,1
Parallel,1000,5,1,Circular-IndexDep,0.2234,1000,2
Parallel,1000,5,1,Circular-IndexDep,0.2451,1000,3
Parallel,1000,5,10,Range-Uniform,0.3035,10000,1
Parallel,1000,5,10,Range-Uniform,0.2404,10000,2
Parallel,1000,5,10,Range-Uniform,0.1841,10000,3
Parallel,1000,5,10,Circular-Uniform,0.1821,10000,1
Parallel,1000,5,10,Circular-Uniform,0.1721,10000,2
Parallel,1000,5,10,Circular-Uniform,0.1937,10000,3
Parallel,1000,5,10,Range-IndexDep,0.1922,9955,1
Parallel,1000,5,10,Range-IndexDep,0.1761,9955,2
Parallel,1000,5,10,Range-IndexDep,0.1677,9955,3
Parallel,1000,5,10,Circular-IndexDep,0.186,9955,1
Parallel,1000,5,10,Circular-IndexDep,0.1855,9955,2
Parallel,1000,5,10,Circular-IndexDep,0.1751,9955,3
Parallel,1000,5,100,Range-Uniform,4.33,100000,1
Parallel,1000,5,100,Range-Uniform,3.1562,100000,2
Parallel,1000,5,100,Range-Uniform,3.8171,100000,3
Parallel,1000,5,100,Circular-Uniform,3.265,100000,1
Parallel,1000,5,100,Circular-Uniform,3.3977,100000,2
Parallel,1000,5,100,Circular-Uniform,3.7552,100000,3
Parallel,1000,5,100,Range-IndexDep,3.2286,95050,1
Parallel,1000,5,100,Range-IndexDep,2.7265,95050,2
Parallel,1000,5,100,Range-IndexDep,2.9124,95050,3
Parallel,1000,5,100,Circular-IndexDep,2.9395,95050,1
Parallel,1000,5,100,Circular-IndexDep,2.86,95050,2
Parallel,1000,5,100,Circular-IndexDep,3.4005,95050,3
Parallel,1000,10,1,Range-Uniform,0.3839,1000,1
Parallel,1000,10,1,Range-Uniform,0.3394,1000,2
Parallel,1000,10,1,Range-Uniform,0.2981,1000,3
Parallel,1000,10,1,Circular-Uniform,0.3041,1000,1
Parallel,1000,10,1,Circular-Uniform,0.3984,1000,2
Parallel,1000,10,1,Circular-Uniform,0.3351,1000,3
Parallel,1000,10,1,Range-IndexDep,0.312,1000,1
Parallel,1000,10,1,Range-IndexDep,0.3538,1000,2
Parallel,1000,10,1,Range-IndexDep,0.3185,1000,3
Parallel,1000,10,1,Circular-IndexDep,0.3107,1000,1
Parallel,1000,10,1,Circular-IndexDep,0.309,1000,2
Parallel,1000,10,1,Circular-IndexDep,0.3471,1000,3
Parallel,1000,10,10,Range-Uniform,0.318,10000,1
Parallel,1000,10,10,Range-Uniform,0.3406,10000,2
Parallel,1000,10,10,Range-Uniform,0.2986,10000,3
Parallel,1000,10,10,Circular-Uniform,0.4843,10000,1
Parallel,1000,10,10,Circular-Uniform,0.4102,10000,2
Parallel,1000,10,10,Circular-Uniform,0.3785,10000,3
Parallel,1000,10,10,Range-IndexDep,0.4917,9955,1
Parallel,1000,10,10,Range-IndexDep,0.3823,9955,2
Parallel,1000,10,10,Range-IndexDep,0.4255,9955,3
Parallel,1000,10,10,Circular-IndexDep,0.3394,9955,1
Parallel,1000,10,10,Circular-IndexDep,1.0918,9955,2
Parallel,1000,10,10,Circular-IndexDep,0.3062,9955,3
Parallel,1000,10,100,Range-Uniform,5.2449,100000,1
Parallel,1000,10,100,Range-Uniform,4.7264,100000,2
Parallel,1000,10,100,Range-Uniform,4.8195,100000,3
Parallel,1000,10,100,Circular-Uniform,4.1999,100000,1
Parallel,1000,10,100,Circular-Uniform,4.279,100000,2
Parallel,1000,10,100,Circular-Uniform,4.5303,100000,3
Parallel,1000,10,100,Range-IndexDep,3.8811,95050,1
Parallel,1000,10,100,Range-IndexDep,3.6365,95050,2
Parallel,1000,10,100,Range-IndexDep,3.4567,95050,3
Parallel,1000,10,100,Circular-IndexDep,4.1594,95050,1
Parallel,1000,10,100,Circular-IndexDep,4.4827,95050,2
Parallel,1000,10,100,Circular-IndexDep,3.8127,95050,3
Parallel,100000,2,1,Range-Uniform,3.1324,100000,1
Parallel,100000,2,1,Range-Uniform,3.6,100000,2
Parallel,100000,2,1,Range-Uniform,2.7523,100000,3
Parallel,100000,2,1,Circular-Uniform,3.708,100000,1
Parallel,100000,2,1,Circular-Uniform,3.0843,100000,2
Parallel,100000,2,1,Circular-Uniform,3.1897,100000,3
Parallel,100000,2,1,Range-IndexDep,4.853,100000,1
Parallel,100000,2,1,Range-IndexDep,4.6504,100000,2
Parallel,100000,2,1,Range-IndexDep,5.2227,100000,3
Parallel,100000,2,1,Circular-IndexDep,6.4463,100000,1
Parallel,100000,2,1,Circular-IndexDep,4.4621,100000,2
Parallel,100000,2,1,Circular-IndexDep,5.5239,100000,3
Parallel,100000,2,10,Range-Uniform,20.4145,1000000,1
Parallel,100000,2,10,Range-Uniform,27.2024,1000000,2
Parallel,100000,2,10,Range-Uniform,20.2288,1000000,3
Parallel,100000,2,10,Circular-Uniform,20.6572,1000000,1
Parallel,100000,2,10,Circular-Uniform,29.4107,1000000,2
Parallel,100000,2,10,Circular-Uniform,22.2624,1000000,3
Parallel,100000,2,10,Range-IndexDep,23.2674,999955,1
Parallel,100000,2,10,Range-IndexDep,17.0745,999955,2
Parallel,100000,2,10,Range-IndexDep,15.6291,999955,3
Parallel,100000,2,10,Circular-IndexDep,17.5637,999955,1
Parallel,100000,2,10,Circular-IndexDep,19.6023,999955,2
Parallel,100000,2,10,Circular-IndexDep,15.6572,999955,3
Parallel,100000,2,100,Range-Uniform,252.4963,10000000,1
Parallel,100000,2,100,Range-Uniform,270.9287,10000000,2
Parallel,100000,2,100,Range-Uniform,267.6573,10000000,3
Parallel,100000,2,100,Circular-Uniform,266.6155,10000000,1
Parallel,100000,2,100,Circular-Uniform,286.6672,10000000,2
Parallel,100000,2,100,Circular-Uniform,252.3787,10000000,3
Parallel,100000,2,100,Range-IndexDep,259.7059,9995050,1
Parallel,100000,2,100,Range-IndexDep,257.7284,9995050,2
Parallel,100000,2,100,Range-IndexDep,254.7026,9995050,3
Parallel,100000,2,100,Circular-IndexDep,252.3917,9995050,1
Parallel,100000,2,100,Circular-IndexDep,276.0344,9995050,2
Parallel,100000,2,100,Circular-IndexDep,270.2999,9995050,3
Parallel,100000,3,1,Range-Uniform,3.5292,100000,1
Parallel,100000,3,1,Range-Uniform,3.6622,100000,2
Parallel,100000,3,1,Range-Uniform,3.9695,100000,3
Parallel,100000,3,1,Circular-Uniform,4.2544,100000,1
Parallel,100000,3,1,Circular-Uniform,4.241,100000,2
Parallel,100000,3,1,Circular-Uniform,3.6937,100000,3
Parallel,100000,3,1,Range-IndexDep,3.6904,100000,1
Parallel,100000,3,1,Range-IndexDep,4.3277,100000,2
Parallel,100000,3,1,Range-IndexDep,3.9483,100000,3
Parallel,100000,3,1,Circular-IndexDep,4.9849,100000,1
Parallel,100000,3,1,Circular-IndexDep,5.3107,100000,2
Parallel,100000,3,1,Circular-IndexDep,5.2777,100000,3
Parallel,100000,3,10,Range-Uniform,28.8528,1000000,1
Parallel,100000,3,10,Range-Uniform,27.715,1000000,2
Parallel,100000,3,10,Range-Uniform,29.168,1000000,3
Parallel,100000,3,10,Circular-Uniform,27.4564,1000000,1
Parallel,100000,3,10,Circular-Uniform,28.9533,1000000,2
Parallel,100000,3,10,Circular-Uniform,29.503,1000000,3
Parallel,100000,3,10,Range-IndexDep,28.6887,999955,1
Parallel,100000,3,10,Range-IndexDep,29.0073,999955,2
Parallel,100000,3,10,Range-IndexDep,29.2411,999955,3
Parallel,100000,3,10,Circular-IndexDep,27.4311,999955,1
Parallel,100000,3,10,Circular-IndexDep,30.3312,999955,2
Parallel,100000,3,10,Circular-IndexDep,31.302,999955,3
Parallel,100000,3,100,Range-Uniform,292.4057,10000000,1
Parallel,100000,3,100,Range-Uniform,317.0167,10000000,2
Parallel,100000,3,100,Range-Uniform,309.5462,10000000,3
Parallel,100000,3,100,Circular-Uniform,296.2979,10000000,1
Parallel,100000,3,100,Circular-Uniform,321.5417,10000000,2
Parallel,100000,3,100,Circular-Uniform,300.7282,10000000,3
Parallel,100000,3,100,Range-IndexDep,309.5153,9995050,1
Parallel,100000,3,100,Range-IndexDep,310.9015,9995050,2
Parallel,100000,3,100,Range-IndexDep,308.2847,9995050,3
Parallel,100000,3,100,Circular-IndexDep,283.8434,9995050,1
Parallel,100000,3,100,Circular-IndexDep,300.2086,9995050,2
Parallel,100000,3,100,Circular-IndexDep,297.6352,9995050,3
Parallel,100000,4,1,Range-Uniform,5.2271,100000,1
Parallel,100000,4,1,Range-Uniform,4.2309,100000,2
Parallel,100000,4,1,Range-Uniform,4.3575,100000,3
Parallel,100000,4,1,Circular-Uniform,4.7665,100000,1
Parallel,100000,4,1,Circular-Uniform,4.97,100000,2
Parallel,100000,4,1,Circular-Uniform,5.5194,100000,3
Parallel,100000,4,1,Range-IndexDep,5.661,100000,1
Parallel,100000,4,1,Range-IndexDep,5.5992,100000,2
Parallel,100000,4,1,Range-IndexDep,5.5783,100000,3
Parallel,100000,4,1,Circular-IndexDep,5.7146,100000,1
Parallel,100000,4,1,Circular-IndexDep,4.917,100000,2
Parallel,100000,4,1,Circular-IndexDep,5.5416,100000,3
Parallel,100000,4,10,Range-Uniform,32.1185,1000000,1
Parallel,100000,4,10,Range-Uniform,32.6402,1000000,2
Parallel,100000,4,10,Range-Uniform,38.6215,1000000,3
Parallel,100000,4,10,Circular-Uniform,35.3534,1000000,1
Parallel,100000,4,10,Circular-Uniform,31.8837,1000000,2
Parallel,100000,4,10,Circular-Uniform,37.206,1000000,3
Parallel,100000,4,10,Range-IndexDep,32.1331,999955,1
Parallel,100000,4,10,Range-IndexDep,38.0641,999955,2
Parallel,100000,4,10,Range-IndexDep,33.6001,999955,3
Parallel,100000,4,10,Circular-IndexDep,41.6928,999955,1
Parallel,100000,4,10,Circular-IndexDep,31.6838,999955,2
Parallel,100000,4,10,Circular-IndexDep,41.1965,999955,3
Parallel,100000,4,100,Range-Uniform,310.3926,10000000,1
Parallel,100000,4,100,Range-Uniform,297.7695,10000000,2
Parallel,100000,4,100,Range-Uniform,284.8057,10000000,3
Parallel,100000,4,100,Circular-Uniform,282.4917,10000000,1
Parallel,100000,4,100,Circular-Uniform,312.3772,10000000,2
Parallel,100000,4,100,Circular-Uniform,258.9649,10000000,3
Parallel,100000,4,100,Range-IndexDep,264.5804,9995050,1
Parallel,100000,4,100,Range-IndexDep,287.0988,9995050,2
Parallel,100000,4,100,Range-IndexDep,310.1123,9995050,3
Parallel,100000,4,100,Circular-IndexDep,317.1215,9995050,1
Parallel,100000,4,100,Circular-IndexDep,272.9494,9995050,2
Parallel,100000,4,100,Circular-IndexDep,292.2757,9995050,3
Parallel,100000,5,1,Range-Uniform,4.2287,100000,1
Parallel,100000,5,1,Range-Uniform,4.2378,100000,2
Parallel,100000,5,1,Range-Uniform,4.4962,100000,3
Parallel,100000,5,1,Circular-Uniform,4.4778,100000,1
Parallel,100000,5,1,Circular-Uniform,4.4816,100000,2
Parallel,100000,5,1,Circular-Uniform,4.9725,100000,3
Parallel,100000,5,1,Range-IndexDep,5.0288,100000,1
Parallel,100000,5,1,Range-IndexDep,5.0667,100000,2
Parallel,100000,5,1,Range-IndexDep,5.0871,100000,3
Parallel,100000,5,1,Circular-IndexDep,5.2385,100000,1
Parallel,100000,5,1,Circular-IndexDep,4.6552,100000,2
Parallel,100000,5,1,Circular-IndexDep,4.5804,100000,3
Parallel,100000,5,10,Range-Uniform,36.9018,1000000,1
Parallel,100000,5,10,Range-Uniform,41.534,1000000,2
Parallel,100000,5,10,Range-Uniform,35.0692,1000000,3
Parallel,100000,5,10,Circular-Uniform,35.5156,1000000,1
Parallel,100000,5,10,Circular-Uniform,35.2342,1000000,2
Parallel,100000,5,10,Circular-Uniform,40.6075,1000000,3
Parallel,100000,5,10,Range-IndexDep,37.3927,999955,1
Parallel,100000,5,10,Range-IndexDep,39.4703,999955,2
Parallel,100000,5,10,Range-IndexDep,33.8982,999955,3
Parallel,100000,5,10,Circular-IndexDep,39.787,999955,1
Parallel,100000,5,10,Circular-IndexDep,36.078,999955,2
Parallel,100000,5,10,Circular-IndexDep,36.0225,999955,3
Parallel,100000,5,100,Range-Uniform,439.4418,10000000,1
Parallel,100000,5,100,Range-Uniform,268.5522,10000000,2
Parallel,100000,5,100,Range-Uniform,324.8123,10000000,3
Parallel,100000,5,100,Circular-Uniform,409.9939,10000000,1
Parallel,100000,5,100,Circular-Uniform,393.5628,10000000,2
Parallel,100000,5,100,Circular-Uniform,294.3764,10000000,3
Parallel,100000,5,100,Range-IndexDep,322.409,9995050,1
Parallel,100000,5,100,Range-IndexDep,272.2393,9995050,2
Parallel,100000,5,100,Range-IndexDep,303.559,9995050,3
Parallel,100000,5,100,Circular-IndexDep,300.5893,9995050,1
Parallel,100000,5,100,Circular-IndexDep,280.1074,9995050,2
Parallel,100000,5,100,Circular-IndexDep,339.6252,9995050,3
Parallel,100000,10,1,Range-Uniform,6.3261,100000,1
Parallel,100000,10,1,Range-Uniform,6.8244,100000,2
Parallel,100000,10,1,Range-Uniform,6.5142,100000,3
Parallel,100000,10,1,Circular-Uniform,6.0714,100000,1
Parallel,100000,10,1,Circular-Uniform,6.6081,100000,2
Parallel,100000,10,1,Circular-Uniform,5.903,100000,3
Parallel,100000,10,1,Range-IndexDep,6.3505,100000,1
Parallel,100000,10,1,Range-IndexDep,6.4785,100000,2
Parallel,100000,10,1,Range-IndexDep,6.3352,100000,3
Parallel,100000,10,1,Circular-IndexDep,6.5938,100000,1
Parallel,100000,10,1,Circular-IndexDep,6.6322,100000,2
Parallel,100000,10,1,Circular-IndexDep,6.7941,100000,3
Parallel,100000,10,10,Range-Uniform,67.5657,1000000,1
Parallel,100000,10,10,Range-Uniform,69.1241,1000000,2
Parallel,100000,10,10,Range-Uniform,62.8177,1000000,3
Parallel,100000,10,10,Circular-Uniform,60.9944,1000000,1
Parallel,100000,10,10,Circular-Uniform,61.473,1000000,2
Parallel,100000,10,10,Circular-Uniform,66.7909,1000000,3
Parallel,100000,10,10,Range-IndexDep,65.6927,999955,1
Parallel,100000,10,10,Range-IndexDep,64.6618,999955,2
Parallel,100000,10,10,Range-IndexDep,64.7827,999955,3
Parallel,100000,10,10,Circular-IndexDep,65.4047,999955,1
Parallel,100000,10,10,Circular-IndexDep,57.1685,999955,2
Parallel,100000,10,10,Circular-IndexDep,63.9516,999955,3
Parallel,100000,10,100,Range-Uniform,673.3648,10000000,1
Parallel,100000,10,100,Range-Uniform,670.7887,10000000,2
Parallel,100000,10,100,Range-Uniform,663.9086,10000000,3
Parallel,100000,10,100,Circular-Uniform,656.7199,10000000,1
Parallel,100000,10,100,Circular-Uniform,691.6452,10000000,2
Parallel,100000,10,100,Circular-Uniform,664.9485,10000000,3
Parallel,100000,10,100,Range-IndexDep,689.2925,9995050,1
Parallel,100000,10,100,Range-IndexDep,661.926,9995050,2
Parallel,100000,10,100,Range-IndexDep,685.9934,9995050,3
Parallel,100000,10,100,Circular-IndexDep,702.7444,9995050,1
Parallel,100000,10,100,Circular-IndexDep,714.3922,9995050,2
Parallel,100000,10,100,Circular-IndexDep,670.4315,9995050,3
